Team,Games,Wins,Losses,WinPct,SRS,SOS,PtsFor,PtsAgainst,PPG,OppPPG,Pace,ORtg,FTRate,ThreePARate,TrueShooting,ReboundPct,AssistPct,TurnoverPct,Season,DefProxy
Michigan,34,31,3,0.912,32.48,14.86,2952,2353,86.8,69.2,71.3,121.3,0.377,0.418,0.612,56.2,60.7,14.4,2026,4.6
Duke,34,32,2,0.941,31.55,12.41,2798,2147,82.3,63.1,67.1,122.6,0.378,0.444,0.597,57.8,59.2,13.3,2026,10.7
Arizona,34,32,2,0.941,29.92,12.57,2929,2339,86.1,68.8,71.3,120.3,0.429,0.268,0.588,57.3,55.4,12.9,2026,5.0
Florida,33,26,7,0.788,27.9,13.11,2864,2376,86.8,72.0,72.5,119.8,0.391,0.371,0.568,59.5,54.0,13.5,2026,1.8
Iowa State,34,27,7,0.794,27.15,10.5,2781,2215,81.8,65.1,68.2,120.0,0.34,0.388,0.585,53.5,58.4,12.8,2026,8.7
Illinois,32,24,8,0.75,26.45,11.89,2700,2234,84.4,69.8,66.2,125.5,0.329,0.507,0.588,56.7,51.2,11.0,2026,4.0
Houston,34,28,6,0.824,26.23,11.93,2623,2137,77.1,62.9,64.9,118.4,0.269,0.408,0.554,52.2,52.9,10.9,2026,10.9
Purdue,35,27,8,0.771,25.64,14.13,2858,2455,81.7,70.1,65.3,124.7,0.286,0.409,0.601,55.5,66.8,11.5,2026,3.7
Gonzaga,33,30,3,0.909,25.11,5.98,2809,2178,85.1,66.0,70.4,120.5,0.311,0.31,0.585,55.4,56.7,11.7,2026,7.8
Michigan State,32,25,7,0.781,23.44,12.91,2526,2189,78.9,68.4,66.8,117.3,0.362,0.364,0.575,58.5,67.0,14.4,2026,5.4
Louisville,33,23,10,0.697,23.41,10.83,2797,2382,84.8,72.2,71.0,119.4,0.335,0.528,0.599,53.7,59.5,14.1,2026,1.6
Connecticut,34,29,5,0.853,22.92,10.53,2635,2214,77.5,65.1,66.0,116.5,0.3,0.403,0.578,54.2,65.0,14.3,2026,8.7
Vanderbilt,34,26,8,0.765,22.83,11.68,2936,2557,86.4,75.2,70.8,121.1,0.382,0.436,0.596,50.3,56.2,11.6,2026,-1.4
Alabama,32,23,9,0.719,22.7,14.45,2935,2671,91.7,83.5,74.6,122.0,0.372,0.537,0.592,50.4,53.5,11.2,2026,-9.7
Arkansas,34,26,8,0.765,22.43,12.57,3058,2723,89.9,80.1,72.4,122.5,0.364,0.334,0.597,51.1,53.0,10.7,2026,-6.3
St. John's (NY),34,28,6,0.824,22.42,10.83,2773,2379,81.6,70.0,71.0,114.5,0.419,0.338,0.552,52.9,58.2,12.4,2026,3.8
Tennessee,33,22,11,0.667,22.08,11.99,2622,2289,79.5,69.4,67.3,116.8,0.387,0.317,0.549,58.8,59.8,13.9,2026,4.4
Texas Tech,32,22,10,0.688,21.95,14.17,2573,2324,80.4,72.6,67.9,117.9,0.271,0.48,0.584,52.0,55.5,13.6,2026,1.2
Virginia,34,29,5,0.853,21.6,9.36,2742,2326,80.6,68.4,66.5,119.1,0.33,0.465,0.576,55.1,59.1,13.4,2026,5.4
Nebraska,32,26,6,0.813,21.54,10.48,2473,2119,77.3,66.2,67.3,114.0,0.272,0.507,0.581,50.2,65.6,12.8,2026,7.6
Kansas,33,23,10,0.697,21.1,14.86,2496,2290,75.6,69.4,68.2,110.0,0.326,0.357,0.555,51.5,53.3,13.5,2026,4.4
Brigham Young,34,23,11,0.676,21.04,12.45,2853,2561,83.9,75.3,70.5,118.7,0.342,0.398,0.58,52.8,45.4,13.0,2026,-1.5
Kentucky,34,21,13,0.618,19.8,12.86,2746,2510,80.8,73.8,69.8,115.7,0.375,0.392,0.567,52.1,57.0,12.8,2026,0.0
Georgia,32,22,10,0.688,19.57,8.91,2874,2533,89.8,79.2,73.4,120.5,0.37,0.439,0.583,50.5,48.4,12.2,2026,-5.4
Wisconsin,34,24,10,0.706,19.52,12.44,2822,2581,83.0,75.9,68.8,118.8,0.319,0.526,0.582,50.5,57.3,11.1,2026,-2.1
North Carolina,32,24,8,0.75,19.39,10.92,2553,2282,79.8,71.3,68.8,116.0,0.374,0.423,0.572,52.6,57.0,12.2,2026,2.5
Ohio State,33,21,12,0.636,19.06,12.06,2633,2402,79.8,72.8,66.5,118.6,0.378,0.401,0.603,51.6,52.0,13.6,2026,1.0
Iowa,33,21,12,0.636,19.0,9.76,2482,2177,75.2,66.0,63.4,118.2,0.345,0.416,0.6,50.8,58.0,13.4,2026,7.8
UCLA,34,23,11,0.676,18.28,11.55,2643,2414,77.7,71.0,65.7,117.0,0.331,0.359,0.576,49.6,59.4,11.6,2026,2.8
Miami (FL),33,25,8,0.758,18.04,7.28,2704,2349,81.9,71.2,69.3,118.2,0.375,0.317,0.581,55.6,53.7,13.7,2026,2.6
NC State,33,20,13,0.606,18.02,10.83,2762,2525,83.7,76.5,69.5,119.0,0.352,0.439,0.59,49.3,54.8,11.5,2026,-2.7
Saint Mary's,32,27,5,0.844,17.87,5.54,2502,2066,78.2,64.6,66.5,117.6,0.362,0.362,0.578,58.1,58.1,13.8,2026,9.2
Utah State,34,28,6,0.824,17.36,6.51,2806,2392,82.5,70.4,68.5,120.0,0.378,0.412,0.599,51.3,60.5,13.3,2026,3.4
Southern Methodist,33,20,13,0.606,17.27,10.66,2779,2561,84.2,77.6,70.7,118.2,0.306,0.36,0.586,52.5,55.1,13.6,2026,-3.8
Saint Louis,33,28,5,0.848,17.27,1.52,2879,2294,87.2,69.5,72.0,121.1,0.341,0.454,0.626,55.2,60.0,15.2,2026,4.3
Auburn,33,17,16,0.515,17.02,13.69,2730,2620,82.7,79.4,69.2,118.6,0.447,0.392,0.568,52.4,46.2,12.3,2026,-5.6
Clemson,34,24,10,0.706,16.99,9.57,2521,2269,74.1,66.7,65.5,112.4,0.371,0.429,0.562,51.4,50.2,12.5,2026,7.1
Texas A&M,32,21,11,0.656,16.76,8.6,2807,2546,87.7,79.6,72.5,118.2,0.374,0.463,0.577,49.9,61.3,12.5,2026,-5.8
Indiana,32,18,14,0.563,16.7,10.7,2501,2309,78.2,72.2,66.6,116.0,0.35,0.505,0.598,50.0,62.5,13.5,2026,1.6
Villanova,32,24,8,0.75,16.3,9.93,2469,2265,77.2,70.8,66.4,114.8,0.313,0.457,0.562,49.8,56.8,12.9,2026,3.0
Texas,32,18,14,0.563,16.17,10.3,2681,2458,83.8,76.8,69.2,120.1,0.453,0.36,0.593,55.4,43.5,13.5,2026,-3.0
Santa Clara,34,26,8,0.765,15.88,6.06,2817,2463,82.9,72.4,69.7,118.9,0.252,0.451,0.57,51.8,55.2,13.0,2026,1.4
Texas Christian,33,22,11,0.667,15.75,9.51,2584,2378,78.3,72.1,69.7,111.1,0.387,0.369,0.546,51.9,57.6,13.2,2026,1.7
Cincinnati,33,18,15,0.545,15.5,9.95,2413,2230,73.1,67.6,69.2,105.3,0.294,0.438,0.531,51.6,63.7,14.6,2026,6.2
Baylor,32,16,16,0.5,15.33,11.78,2642,2469,82.6,77.2,70.0,117.9,0.349,0.389,0.579,53.4,53.9,13.9,2026,-3.4
Oklahoma,34,19,15,0.559,15.02,9.37,2813,2621,82.7,77.1,68.4,120.1,0.359,0.438,0.585,50.7,50.2,12.3,2026,-3.3
Washington,33,16,17,0.485,14.17,10.68,2545,2430,77.1,73.6,68.0,112.2,0.301,0.346,0.549,53.3,49.4,13.0,2026,0.2
San Diego State,33,22,11,0.667,13.62,8.12,2580,2342,78.2,71.0,69.5,110.4,0.383,0.332,0.568,51.0,54.2,14.9,2026,2.8
New Mexico,33,23,10,0.697,13.52,5.05,2658,2337,80.5,70.8,70.6,114.2,0.363,0.429,0.571,51.7,53.8,13.2,2026,3.0
Seton Hall,33,21,12,0.636,13.45,8.45,2321,2156,70.3,65.3,66.5,105.8,0.353,0.268,0.517,51.7,51.6,14.0,2026,8.5
UCF,32,21,11,0.656,13.3,10.8,2591,2511,81.0,78.5,70.6,113.7,0.308,0.344,0.56,52.6,53.6,13.4,2026,-4.7
South Florida,33,25,8,0.758,13.29,2.6,2895,2492,87.7,75.5,73.1,117.7,0.41,0.44,0.556,53.1,59.3,12.4,2026,-1.7
Virginia Tech,32,19,13,0.594,13.28,9.38,2521,2396,78.8,74.9,68.0,112.8,0.34,0.397,0.558,49.8,52.4,12.9,2026,-1.1
Virginia Commonwealth,34,27,7,0.794,13.19,3.11,2773,2430,81.6,71.5,69.4,117.6,0.437,0.438,0.582,51.7,52.7,13.1,2026,2.3
Missouri,32,20,12,0.625,13.08,8.77,2549,2411,79.7,75.3,68.4,115.6,0.425,0.36,0.582,52.6,50.6,15.3,2026,-1.5
West Virginia,32,18,14,0.563,12.8,8.37,2214,2072,69.2,64.8,64.0,106.9,0.355,0.429,0.54,51.0,53.2,15.1,2026,9.0
Louisiana State,32,15,17,0.469,12.69,9.75,2606,2512,81.4,78.5,68.6,115.5,0.409,0.345,0.573,51.6,52.5,13.4,2026,-4.7
Northwestern,34,15,19,0.441,12.61,11.43,2487,2447,73.1,72.0,65.3,111.6,0.339,0.34,0.555,46.8,65.8,11.5,2026,1.8
Wake Forest,33,17,16,0.515,12.57,10.79,2602,2543,78.8,77.1,69.5,112.2,0.351,0.437,0.567,48.5,53.2,13.5,2026,-3.3
Stanford,32,20,12,0.625,12.55,9.27,2431,2326,76.0,72.7,67.9,111.8,0.357,0.442,0.554,50.4,46.3,13.3,2026,1.1
Boise State,32,20,12,0.625,12.04,7.84,2502,2351,78.2,73.5,67.1,113.9,0.417,0.428,0.576,55.7,50.5,14.6,2026,0.3
Oklahoma State,33,19,14,0.576,11.93,10.57,2781,2736,84.3,82.9,74.0,112.6,0.394,0.359,0.563,50.6,51.0,13.8,2026,-9.1
California,32,21,11,0.656,11.67,7.61,2492,2344,77.9,73.2,69.4,111.3,0.375,0.425,0.565,48.7,52.8,13.0,2026,0.6
Florida State,33,18,15,0.545,11.66,9.24,2652,2572,80.4,77.9,71.8,111.9,0.347,0.506,0.555,48.0,52.5,13.1,2026,-4.1
Tulsa,33,26,7,0.788,11.14,0.78,2824,2409,85.6,73.0,68.8,122.9,0.405,0.463,0.608,53.8,55.4,12.9,2026,0.8
Mississippi,35,15,20,0.429,11.13,11.36,2656,2664,75.9,76.1,68.3,109.2,0.33,0.355,0.543,48.0,50.2,12.2,2026,-2.3
Grand Canyon,32,20,12,0.625,11.03,4.06,2420,2197,75.6,68.7,69.0,109.2,0.395,0.389,0.56,53.6,49.6,15.3,2026,5.1
Colorado,32,17,15,0.531,10.89,10.36,2559,2542,80.0,79.4,70.1,113.2,0.358,0.351,0.57,49.7,55.7,12.7,2026,-5.6
Providence,33,15,18,0.455,10.84,9.53,2815,2772,85.3,84.0,72.3,115.0,0.367,0.405,0.586,51.7,47.5,14.5,2026,-10.2
Arizona State,33,17,16,0.515,10.79,12.79,2519,2585,76.3,78.3,70.6,108.1,0.395,0.384,0.556,47.8,53.0,14.9,2026,-4.5
Southern California,32,18,14,0.563,10.58,11.16,2515,2494,78.6,77.9,71.0,108.5,0.441,0.336,0.551,51.5,57.2,14.9,2026,-4.1
Creighton,32,15,17,0.469,10.57,10.47,2404,2401,75.1,75.0,68.5,109.2,0.275,0.482,0.562,49.6,58.4,14.5,2026,-1.2
Butler,32,16,16,0.5,10.47,8.63,2540,2481,79.4,77.5,70.0,111.7,0.421,0.349,0.55,52.4,57.2,13.6,2026,-3.7
Minnesota,32,15,17,0.469,10.45,8.95,2241,2193,70.0,68.5,63.0,109.9,0.359,0.471,0.57,48.9,72.0,14.7,2026,5.3
Syracuse,32,15,17,0.469,10.28,9.53,2400,2376,75.0,74.2,67.8,108.5,0.351,0.372,0.548,48.0,47.1,13.9,2026,-0.4
Nevada,34,22,12,0.647,10.17,5.81,2582,2434,75.9,71.6,66.8,112.0,0.466,0.323,0.551,52.1,57.2,12.8,2026,2.2
Marquette,32,12,20,0.375,9.22,9.84,2405,2425,75.2,75.8,70.1,106.0,0.328,0.422,0.533,47.0,58.1,13.9,2026,-2.0
Georgetown,34,16,18,0.471,9.22,8.51,2503,2479,73.6,72.9,67.0,108.7,0.373,0.352,0.539,50.8,57.8,13.5,2026,0.9
Notre Dame,31,13,18,0.419,9.05,9.93,2308,2335,74.5,75.3,66.7,109.9,0.341,0.435,0.552,52.1,47.4,14.6,2026,-1.5
George Washington,33,18,15,0.545,9.05,2.24,2708,2433,82.1,73.7,70.3,116.2,0.35,0.466,0.578,54.2,55.4,15.2,2026,0.1
Akron,34,29,5,0.853,9.04,-3.33,3004,2499,88.4,73.5,71.8,123.1,0.277,0.451,0.612,53.5,57.5,13.2,2026,0.3
Belmont,32,26,6,0.813,8.95,-0.41,2684,2347,83.9,73.3,70.2,118.6,0.319,0.461,0.622,52.2,61.8,15.7,2026,0.5
Oregon,32,12,20,0.375,8.95,12.04,2267,2366,70.8,73.9,66.5,106.1,0.35,0.428,0.534,49.9,59.0,15.1,2026,-0.1
Dayton,34,23,11,0.676,8.85,4.37,2528,2376,74.4,69.9,68.1,108.0,0.471,0.415,0.567,49.3,59.9,15.4,2026,3.9
Wichita State,33,22,11,0.667,8.72,2.1,2562,2324,77.6,70.4,67.1,113.2,0.359,0.343,0.534,54.6,42.2,12.5,2026,3.4
Kansas State,32,12,20,0.375,8.58,10.86,2546,2619,79.6,81.8,73.8,107.8,0.269,0.409,0.557,47.7,57.7,15.3,2026,-8.0
Pittsburgh,33,13,20,0.394,8.58,9.88,2327,2370,70.5,71.8,64.5,108.4,0.304,0.426,0.535,51.9,52.3,14.6,2026,2.0
Colorado State,33,21,12,0.636,8.56,5.03,2510,2347,76.1,71.1,64.6,117.8,0.394,0.489,0.62,52.1,63.0,16.2,2026,2.7
Northern Iowa,35,23,12,0.657,8.49,1.49,2447,2144,69.9,61.3,63.7,109.1,0.256,0.399,0.568,49.2,57.4,13.2,2026,12.5
Xavier,33,15,18,0.455,7.87,10.15,2586,2661,78.4,80.6,71.2,109.2,0.281,0.406,0.547,47.6,62.2,12.3,2026,-6.8
McNeese,33,28,5,0.848,7.74,-2.06,2641,2193,80.0,66.5,67.3,117.6,0.381,0.347,0.563,51.1,50.3,11.9,2026,7.3
South Carolina,32,13,19,0.406,7.62,9.16,2398,2447,74.9,76.5,68.0,109.0,0.367,0.444,0.55,47.6,52.9,12.7,2026,-2.7
Wyoming,32,18,14,0.563,7.55,4.07,2467,2335,77.1,73.0,67.6,114.1,0.358,0.423,0.561,53.3,52.5,13.8,2026,0.8
DePaul,32,16,16,0.5,7.45,6.76,2248,2226,70.2,69.6,67.7,103.7,0.353,0.39,0.531,49.2,60.9,15.4,2026,4.2
Mississippi State,32,13,19,0.406,7.27,11.46,2484,2618,77.6,81.8,71.5,107.4,0.307,0.401,0.538,49.8,45.1,13.9,2026,-8.0
High Point,34,30,4,0.882,6.76,-7.89,3059,2389,90.0,70.3,71.8,124.5,0.433,0.42,0.603,51.5,53.6,11.1,2026,3.5
George Mason,32,23,9,0.719,6.45,1.19,2347,2160,73.3,67.5,64.9,113.0,0.421,0.351,0.573,52.9,50.1,14.2,2026,6.3
Illinois State,32,20,12,0.625,6.3,0.85,2404,2190,75.1,68.4,67.4,111.0,0.314,0.423,0.567,52.5,50.2,14.6,2026,5.4
Utah,32,10,22,0.313,6.19,10.94,2379,2531,74.3,79.1,68.0,108.8,0.317,0.375,0.554,49.0,51.7,14.6,2026,-5.3
Yale,30,24,6,0.8,6.13,-2.51,2453,2129,81.8,71.0,66.1,122.2,0.343,0.363,0.601,53.3,56.5,12.1,2026,2.8
Nevada-Las Vegas,33,17,16,0.515,5.63,6.1,2620,2593,79.4,78.6,70.7,111.1,0.409,0.358,0.563,50.2,51.4,14.6,2026,-4.8
Miami (OH),32,31,1,0.969,5.37,-5.49,2902,2409,90.7,75.3,72.1,123.9,0.396,0.447,0.64,51.4,51.5,12.9,2026,-1.5
Utah Valley,33,25,8,0.758,5.36,-1.77,2646,2259,80.2,68.5,69.9,113.4,0.362,0.333,0.585,53.8,62.6,17.0,2026,5.3
Rutgers,33,14,19,0.424,4.91,9.46,2329,2479,70.6,75.1,66.5,104.9,0.361,0.346,0.52,47.6,50.6,13.0,2026,-1.3
Hawaii,32,24,8,0.75,4.85,-3.59,2548,2231,79.6,69.7,72.1,109.6,0.429,0.401,0.566,54.5,51.1,16.1,2026,4.1
Maryland,33,12,21,0.364,4.8,11.68,2300,2527,69.7,76.6,66.7,104.1,0.364,0.469,0.522,51.5,45.2,15.7,2026,-2.8
Hofstra,34,24,10,0.706,4.48,-2.46,2571,2246,75.6,66.1,65.6,114.4,0.319,0.437,0.557,53.7,49.0,13.5,2026,7.7
Seattle,33,20,13,0.606,4.42,2.71,2373,2211,71.9,67.0,69.0,103.7,0.349,0.383,0.536,47.9,52.8,14.8,2026,6.8
San Francisco,33,17,16,0.515,4.39,4.23,2464,2414,74.7,73.2,67.1,110.4,0.394,0.459,0.553,51.8,56.2,13.9,2026,0.6
Pacific,33,18,15,0.545,4.34,2.83,2399,2271,72.7,68.8,65.9,109.9,0.298,0.355,0.563,56.3,58.0,16.8,2026,5.0
Davidson,33,20,13,0.606,4.27,2.76,2367,2225,71.7,67.4,64.5,109.9,0.325,0.442,0.556,49.7,53.9,13.8,2026,6.4
Stephen F. Austin,33,28,5,0.848,4.06,-4.62,2520,2176,76.4,65.9,66.7,114.6,0.294,0.397,0.545,53.0,49.6,11.6,2026,7.9
Penn State,32,12,20,0.375,3.98,9.64,2358,2539,73.7,79.3,67.5,109.2,0.338,0.381,0.566,46.7,48.3,13.9,2026,-5.5
Memphis,32,13,19,0.406,3.95,5.42,2407,2454,75.2,76.7,71.4,104.6,0.347,0.337,0.526,49.8,49.8,16.0,2026,-2.9
Murray State,32,20,12,0.625,3.9,0.49,2667,2558,83.3,79.9,72.3,115.3,0.391,0.448,0.578,51.0,49.3,14.0,2026,-6.1
Bradley,33,21,12,0.636,3.83,0.54,2560,2422,77.6,73.4,68.4,110.5,0.369,0.406,0.55,48.8,50.7,12.1,2026,0.4
Illinois-Chicago,34,19,15,0.559,3.81,0.46,2567,2379,75.5,70.0,67.2,110.7,0.363,0.326,0.546,52.8,54.1,14.8,2026,3.8
Florida Atlantic,33,18,15,0.545,3.77,1.93,2596,2453,78.7,74.3,70.4,110.5,0.33,0.386,0.555,52.8,46.8,14.8,2026,-0.5
UC Irvine,34,23,11,0.676,3.65,-1.42,2632,2327,77.4,68.4,71.4,107.2,0.352,0.277,0.543,52.4,56.7,15.1,2026,5.4
Sam Houston,33,22,11,0.667,3.57,-0.43,2714,2447,82.2,74.2,71.1,115.7,0.343,0.364,0.563,54.5,52.6,13.9,2026,-0.4
UAB,32,20,12,0.625,3.56,-0.24,2535,2361,79.2,73.8,70.8,110.5,0.363,0.305,0.524,52.4,50.2,10.5,2026,0.0
Fresno State,32,13,19,0.406,3.5,4.66,2331,2330,72.8,72.8,69.4,104.9,0.343,0.407,0.549,49.5,50.3,16.0,2026,1.0
Washington State,32,12,20,0.375,3.49,5.1,2435,2480,76.1,77.5,69.2,110.0,0.307,0.448,0.579,51.5,51.8,16.5,2026,-3.7
Boston College,31,11,20,0.355,3.39,6.65,2090,2191,67.4,70.7,66.4,100.0,0.324,0.424,0.499,49.4,47.4,13.3,2026,3.1
Duquesne,33,18,15,0.545,3.38,2.34,2584,2481,78.3,75.2,69.7,110.6,0.378,0.438,0.566,50.9,56.2,15.3,2026,-1.4
St. Thomas,33,24,9,0.727,3.27,-5.3,2728,2366,82.7,71.7,70.0,118.1,0.348,0.461,0.611,49.7,57.8,12.2,2026,2.1
Georgia Tech,31,11,20,0.355,3.1,6.74,2287,2400,73.8,77.4,71.6,102.6,0.333,0.332,0.534,50.3,59.9,16.2,2026,-3.6
Southern Illinois,32,16,16,0.5,3.09,0.86,2336,2226,73.0,69.6,69.8,103.4,0.315,0.296,0.522,52.2,49.2,14.7,2026,4.2
Saint Joseph's,33,22,11,0.667,2.65,0.98,2419,2306,73.3,69.9,68.3,106.9,0.308,0.449,0.535,52.0,60.9,14.6,2026,3.9
California Baptist,33,25,8,0.758,2.52,-2.93,2410,2230,73.0,67.6,67.4,107.1,0.361,0.321,0.526,55.1,40.4,15.1,2026,6.2
UNC Wilmington,32,26,6,0.813,2.5,-5.04,2465,2166,77.0,67.7,67.0,114.9,0.417,0.382,0.548,54.8,51.8,12.5,2026,6.1
North Dakota State,34,27,7,0.794,2.5,-5.79,2745,2366,80.7,69.6,68.5,116.1,0.308,0.419,0.573,53.5,53.9,13.2,2026,4.2
Liberty,32,25,7,0.781,2.47,-1.57,2501,2253,78.2,70.4,65.0,119.4,0.308,0.492,0.628,46.6,61.8,12.4,2026,3.4
Rhode Island,32,16,16,0.5,2.43,0.74,2236,2182,69.9,68.2,66.0,105.0,0.384,0.435,0.541,49.2,47.9,16.5,2026,5.6
St. Bonaventure,34,17,17,0.5,2.4,1.67,2596,2532,76.4,74.5,67.4,112.4,0.297,0.315,0.558,52.4,55.9,14.3,2026,-0.7
UC San Diego,34,23,11,0.676,2.32,-1.68,2573,2390,75.7,70.3,69.8,108.4,0.323,0.427,0.555,50.9,55.7,14.4,2026,3.5
Richmond,32,15,17,0.469,2.26,0.29,2455,2366,76.7,73.9,68.6,111.3,0.367,0.428,0.565,47.7,54.7,12.5,2026,-0.1
North Texas,33,19,14,0.576,2.08,1.14,2341,2225,70.9,67.4,66.5,104.2,0.399,0.325,0.515,50.0,51.1,14.2,2026,6.4
UC Santa Barbara,32,18,14,0.563,1.15,-1.82,2483,2328,77.6,72.8,67.5,113.2,0.376,0.432,0.587,53.7,54.2,16.3,2026,1.0
Montana State,32,18,14,0.563,1.09,-1.05,2493,2285,77.9,71.4,67.6,114.4,0.3,0.454,0.58,50.3,41.7,13.0,2026,2.4
Loyola Marymount,32,15,17,0.469,1.08,1.5,2376,2306,74.2,72.1,68.6,107.0,0.313,0.4,0.556,48.8,49.4,15.2,2026,1.7
Temple,32,16,16,0.5,1.04,-0.76,2366,2264,73.9,70.8,65.6,112.2,0.408,0.36,0.553,50.1,49.2,11.9,2026,3.0
Texas-Rio Grande Valley,33,19,14,0.576,0.93,-2.2,2505,2293,75.9,69.5,66.6,112.6,0.292,0.441,0.586,50.5,61.4,15.7,2026,4.3
Oregon State,33,17,16,0.515,0.78,3.81,2347,2447,71.1,74.2,66.2,105.8,0.431,0.443,0.557,48.2,61.2,15.7,2026,-0.4
Toledo,34,19,15,0.559,0.78,-1.57,2755,2603,81.0,76.6,69.8,116.0,0.297,0.323,0.579,49.3,53.9,12.7,2026,-2.8
Western Kentucky,32,18,14,0.563,0.47,-0.47,2537,2436,79.3,76.1,71.1,110.6,0.418,0.399,0.533,50.9,52.0,12.3,2026,-2.3
Bowling Green,32,18,14,0.563,0.47,-3.57,2602,2290,81.3,71.6,71.9,112.6,0.377,0.34,0.57,51.9,49.3,13.9,2026,2.2
Northern Colorado,32,20,12,0.625,0.3,-2.46,2640,2449,82.5,76.5,70.0,116.0,0.267,0.429,0.594,53.4,54.8,13.5,2026,-2.7
Fordham,32,17,15,0.531,0.25,-0.96,2235,2095,69.8,65.5,65.7,105.9,0.257,0.384,0.522,54.5,54.7,14.6,2026,8.3
Middle Tennessee,32,17,15,0.531,0.23,1.36,2414,2329,75.4,72.8,67.3,109.6,0.32,0.459,0.551,51.5,54.0,14.4,2026,1.0
Kennesaw State,34,21,13,0.618,0.13,-2.0,2834,2586,83.4,76.1,72.4,114.2,0.436,0.434,0.557,53.3,51.6,13.7,2026,-2.3
Wright State,34,23,11,0.676,0.12,-4.44,2745,2497,80.7,73.4,69.0,116.5,0.377,0.334,0.583,53.1,48.1,14.0,2026,0.4
Portland State,31,20,11,0.645,0.06,-2.66,2376,2179,76.6,70.3,69.6,109.3,0.357,0.345,0.55,53.0,52.8,14.3,2026,3.5
Valparaiso,33,18,15,0.545,-0.03,0.66,2376,2358,72.0,71.5,66.8,106.6,0.383,0.367,0.523,50.8,49.4,13.3,2026,2.3
Idaho,35,21,14,0.6,-0.05,-2.7,2753,2540,78.7,72.6,69.6,112.7,0.34,0.468,0.565,53.1,46.7,13.2,2026,1.2
William & Mary,32,20,12,0.625,-0.06,-2.69,2660,2487,83.1,77.7,73.9,112.5,0.437,0.425,0.591,49.4,64.0,14.7,2026,-3.9
Kent State,33,24,9,0.727,-0.1,-2.45,2808,2628,85.1,79.6,72.8,114.7,0.429,0.447,0.574,53.7,57.6,15.1,2026,-5.8
Charlotte,34,17,17,0.5,-0.2,1.08,2492,2530,73.3,74.4,64.5,111.6,0.366,0.453,0.567,51.5,52.1,15.6,2026,-0.6
Pennsylvania,29,18,11,0.621,-0.5,-1.72,2207,2126,76.1,73.3,69.4,108.8,0.366,0.348,0.54,50.2,52.9,13.3,2026,0.5
East Tennessee State,34,23,11,0.676,-0.64,-7.33,2638,2356,77.6,69.3,66.9,115.1,0.339,0.379,0.585,51.2,50.7,13.3,2026,4.5
Winthrop,34,23,11,0.676,-0.64,-4.42,2844,2566,83.6,75.5,72.1,115.6,0.432,0.444,0.555,54.0,52.4,12.6,2026,-1.7
Arkansas State,32,20,12,0.625,-0.65,-4.39,2655,2471,83.0,77.2,72.5,113.1,0.386,0.451,0.564,55.3,56.2,16.2,2026,-3.4
Troy,33,22,11,0.667,-0.76,-4.57,2649,2412,80.3,73.1,68.1,113.5,0.358,0.455,0.562,52.4,58.2,14.3,2026,0.7
Towson,34,19,15,0.559,-0.82,-1.44,2354,2248,69.2,66.1,64.6,106.7,0.299,0.353,0.508,53.9,40.3,13.2,2026,7.7
Navy,33,26,7,0.788,-0.87,-9.9,2465,2105,74.7,63.8,65.2,113.3,0.402,0.335,0.574,54.5,62.6,14.8,2026,10.0
Drake,34,14,20,0.412,-0.93,1.44,2552,2544,75.1,74.8,68.1,109.5,0.335,0.457,0.553,49.3,52.0,13.1,2026,-1.0
UC Davis,33,19,14,0.576,-1.09,-1.13,2562,2478,77.6,75.1,71.9,107.2,0.406,0.431,0.564,48.2,60.3,15.7,2026,-1.3
College of Charleston,32,21,11,0.656,-1.17,-2.59,2413,2348,75.4,73.4,68.5,109.2,0.409,0.378,0.545,50.0,52.2,13.4,2026,0.4
New Mexico State,32,16,16,0.5,-1.29,-1.35,2403,2303,75.1,72.0,68.1,109.0,0.352,0.381,0.53,51.5,49.8,12.9,2026,1.8
Robert Morris,33,22,11,0.667,-1.29,-4.71,2555,2379,77.4,72.1,66.4,114.5,0.273,0.401,0.569,55.2,62.2,15.6,2026,1.7
Central Arkansas,34,22,12,0.647,-1.34,-4.66,2749,2541,80.9,74.7,69.7,113.9,0.301,0.492,0.569,50.9,57.2,13.2,2026,-0.9
Oakland,32,16,16,0.5,-1.35,-0.12,2642,2614,82.6,81.7,71.4,115.7,0.38,0.339,0.572,49.0,54.4,12.7,2026,-7.9
Harvard,29,17,12,0.586,-1.61,-4.08,2032,1934,70.1,66.7,64.0,108.1,0.265,0.401,0.567,50.3,55.4,15.3,2026,7.1
Cornell,28,15,13,0.536,-1.67,-2.83,2477,2335,88.5,83.4,72.1,121.5,0.29,0.526,0.621,51.2,68.7,14.1,2026,-9.6
UT Arlington,32,18,14,0.563,-1.74,-1.7,2240,2134,70.0,66.7,67.3,102.7,0.416,0.304,0.527,53.9,48.1,17.3,2026,7.1
Cal State Fullerton,34,18,16,0.529,-1.75,0.12,2822,2778,83.0,81.7,76.3,108.8,0.381,0.43,0.56,48.0,57.0,13.4,2026,-7.9
Florida International,32,15,17,0.469,-1.82,-0.47,2580,2492,80.6,77.9,72.8,109.5,0.39,0.334,0.548,50.9,52.4,15.0,2026,-4.1
Cal State Northridge,34,20,14,0.588,-1.96,-1.27,2767,2713,81.4,79.8,75.6,107.3,0.337,0.338,0.535,53.4,56.7,14.7,2026,-6.0
Eastern Washington,33,14,19,0.424,-1.98,-0.48,2576,2606,78.1,79.0,69.1,112.2,0.357,0.348,0.574,50.3,49.0,15.3,2026,-5.2
San Jose State,33,9,24,0.273,-1.99,6.41,2376,2591,72.0,78.5,66.0,108.7,0.334,0.382,0.542,46.1,42.8,13.2,2026,-4.7
Portland,34,15,19,0.441,-2.08,3.95,2530,2669,74.4,78.5,70.5,104.8,0.355,0.348,0.556,49.8,62.1,17.0,2026,-4.7
Monmouth,34,19,15,0.559,-2.11,-3.14,2471,2409,72.7,70.9,67.5,106.4,0.327,0.343,0.537,49.7,53.8,14.4,2026,2.9
Massachusetts,33,17,16,0.515,-2.14,-3.23,2648,2562,80.2,77.6,71.1,110.3,0.366,0.353,0.557,53.9,59.1,15.3,2026,-3.8
Austin Peay,31,22,9,0.71,-2.25,-6.7,2530,2269,81.6,73.2,71.0,115.0,0.377,0.388,0.575,50.8,57.4,13.2,2026,0.6
Montana,34,18,16,0.529,-2.33,-0.47,2627,2535,77.3,74.6,71.2,108.6,0.372,0.418,0.601,50.4,55.4,17.5,2026,-0.8
Northern Kentucky,34,20,14,0.588,-2.45,-4.67,2827,2634,83.1,77.5,71.8,114.9,0.362,0.446,0.574,50.4,54.6,14.0,2026,-3.7
Texas A&M-Corpus Christi,33,18,15,0.545,-2.48,-1.62,2393,2234,72.5,67.7,68.2,105.9,0.387,0.319,0.545,53.0,52.0,16.6,2026,6.1
Tulane,33,18,15,0.545,-2.5,1.13,2389,2493,72.4,75.5,68.2,105.3,0.434,0.451,0.548,44.3,55.5,14.0,2026,-1.7
Columbia,28,16,12,0.571,-2.56,-3.95,2146,2007,76.6,71.7,67.6,112.4,0.282,0.372,0.563,56.2,55.4,16.1,2026,2.1
Missouri State,34,16,18,0.471,-2.67,-1.41,2551,2502,75.0,73.6,66.9,110.5,0.421,0.409,0.55,50.6,56.6,14.0,2026,0.2
Indiana State,32,11,21,0.344,-2.7,0.7,2354,2383,73.6,74.5,68.9,104.7,0.282,0.449,0.557,49.4,64.7,17.2,2026,-0.7
Weber State,32,16,16,0.5,-2.82,-2.59,2598,2474,81.2,77.3,70.7,113.6,0.372,0.333,0.564,53.0,46.8,13.3,2026,-3.5
Marshall,32,19,13,0.594,-2.83,-4.41,2596,2497,81.1,78.0,70.7,114.7,0.291,0.444,0.577,50.3,57.4,14.2,2026,-4.2
Campbell,34,16,18,0.471,-2.85,-0.1,2691,2639,79.1,77.6,70.8,111.8,0.424,0.368,0.557,51.9,46.6,14.8,2026,-3.8
Mercer,32,19,13,0.594,-2.87,-5.21,2646,2416,82.7,75.5,70.9,116.6,0.375,0.406,0.568,50.8,48.1,12.5,2026,-1.7
Louisiana Tech,34,20,14,0.588,-2.92,-2.98,2375,2210,69.9,65.0,65.1,106.1,0.328,0.335,0.52,53.8,49.3,15.4,2026,8.8
South Dakota State,32,14,18,0.438,-3.09,-2.95,2413,2331,75.4,72.8,67.9,110.6,0.3,0.393,0.555,53.5,52.2,14.0,2026,1.0
Furman,34,22,12,0.647,-3.24,-6.14,2600,2397,76.5,70.5,66.7,113.4,0.317,0.47,0.575,54.2,57.0,15.2,2026,3.3
Queens (NC),34,21,13,0.618,-3.3,-4.97,2886,2820,84.9,82.9,71.0,118.7,0.374,0.47,0.599,48.9,54.8,13.1,2026,-9.1
Jacksonville State,32,15,17,0.469,-3.46,-2.8,2325,2188,72.7,68.4,66.7,108.2,0.426,0.391,0.544,52.4,49.6,14.6,2026,5.4
San Diego,33,12,21,0.364,-3.48,2.56,2458,2570,74.5,77.9,69.3,106.2,0.257,0.431,0.551,47.0,60.0,15.6,2026,-4.1
Buffalo,32,17,15,0.531,-3.52,-3.99,2497,2438,78.0,76.2,67.4,114.9,0.394,0.454,0.593,48.7,55.5,14.2,2026,-2.4
Utah Tech,34,19,15,0.559,-3.56,-1.3,2612,2548,76.8,74.9,68.9,108.8,0.32,0.385,0.57,48.6,52.9,15.5,2026,-1.1
Marist,31,19,12,0.613,-3.63,-8.6,2160,1979,69.7,63.8,66.5,104.3,0.253,0.347,0.533,51.2,59.3,14.6,2026,10.0
Appalachian State,32,19,13,0.594,-3.77,-5.67,2305,2114,72.0,66.1,64.7,110.9,0.387,0.46,0.536,53.5,48.5,12.8,2026,7.7
New Orleans,33,15,18,0.455,-3.96,-0.81,2459,2563,74.5,77.7,69.7,106.2,0.464,0.337,0.548,51.6,52.5,17.4,2026,-3.9
La Salle,32,9,23,0.281,-4.1,4.0,2148,2370,67.1,74.1,66.5,100.9,0.369,0.315,0.503,50.3,55.7,15.4,2026,-0.3
Cal Poly,33,14,19,0.424,-4.17,-0.2,2710,2805,82.1,85.0,76.3,107.2,0.35,0.524,0.563,50.3,50.6,17.2,2026,-11.2
Lipscomb,32,19,13,0.594,-4.18,-4.78,2549,2423,79.7,75.7,70.9,111.9,0.257,0.482,0.576,49.0,63.2,14.0,2026,-1.9
Merrimack,34,23,11,0.676,-4.27,-6.33,2330,2260,68.5,66.5,63.7,106.4,0.382,0.461,0.543,42.9,56.0,13.2,2026,7.3
Siena,34,23,11,0.676,-4.34,-9.19,2398,2233,70.5,65.7,64.3,109.3,0.342,0.319,0.548,52.1,53.0,13.8,2026,8.1
South Alabama,32,21,11,0.656,-4.39,-6.76,2387,2234,74.6,69.8,66.2,110.5,0.394,0.367,0.556,49.1,45.0,11.5,2026,4.0
Maryland-Baltimore County,32,24,8,0.75,-4.4,-11.86,2439,2144,76.2,67.0,66.9,113.0,0.329,0.392,0.577,51.8,45.2,12.7,2026,6.8
Youngstown State,32,15,17,0.469,-4.44,-4.64,2495,2338,78.0,73.1,69.0,112.5,0.316,0.489,0.577,51.0,54.2,15.8,2026,0.7
Rice,31,13,18,0.419,-4.48,0.28,2291,2311,73.9,74.5,67.2,108.3,0.34,0.44,0.527,50.9,48.3,14.8,2026,-0.7
Tennessee State,32,23,9,0.719,-4.54,-8.68,2577,2347,80.5,73.3,72.0,111.5,0.338,0.306,0.551,53.0,45.6,14.3,2026,0.5
Howard,33,23,10,0.697,-4.64,-11.85,2556,2236,77.5,67.8,69.9,110.4,0.45,0.34,0.562,53.6,62.2,16.4,2026,6.0
Ohio,32,15,17,0.469,-4.65,-1.35,2492,2515,77.9,78.6,70.4,109.7,0.37,0.38,0.553,48.2,48.9,13.4,2026,-4.8
Drexel,33,17,16,0.515,-4.73,-4.48,2247,2221,68.1,67.3,65.7,103.6,0.312,0.401,0.532,50.9,54.4,16.4,2026,6.5
Tarleton State,32,14,18,0.438,-4.76,-1.48,2385,2349,74.5,73.4,71.4,103.2,0.409,0.246,0.538,48.8,42.8,17.2,2026,0.4
Long Island University,34,24,10,0.706,-4.96,-7.93,2519,2418,74.1,71.1,68.1,108.3,0.347,0.29,0.557,51.3,49.7,16.4,2026,2.7
James Madison,33,18,15,0.545,-4.96,-5.24,2460,2437,74.5,73.8,67.0,110.5,0.359,0.424,0.56,51.5,48.4,14.9,2026,0.0
Green Bay,33,18,15,0.545,-5.0,-3.04,2469,2470,74.8,74.8,65.2,114.0,0.416,0.371,0.595,49.9,54.6,14.2,2026,-1.0
Samford,32,18,14,0.563,-5.26,-6.09,2525,2409,78.9,75.3,68.7,113.5,0.409,0.465,0.568,50.6,56.0,11.7,2026,-1.5
Southern Mississippi,35,19,16,0.543,-5.39,-4.51,2615,2585,74.7,73.9,69.9,106.1,0.429,0.298,0.543,52.3,44.6,15.8,2026,-0.1
Stony Brook,32,17,15,0.531,-5.46,-3.69,2295,2277,71.7,71.2,67.0,105.9,0.282,0.46,0.535,48.1,52.8,14.4,2026,2.6
Elon,32,14,18,0.438,-5.48,-3.01,2500,2492,78.1,77.9,68.1,113.0,0.337,0.431,0.557,50.1,54.5,13.4,2026,-4.1
Quinnipiac,32,19,13,0.594,-5.48,-7.03,2411,2303,75.3,72.0,70.0,106.8,0.331,0.341,0.52,51.2,50.5,13.1,2026,1.8
Long Beach State,32,10,22,0.313,-5.51,0.26,2396,2489,74.9,77.8,71.3,103.8,0.302,0.342,0.545,49.3,47.6,15.7,2026,-4.0
Idaho State,33,13,20,0.394,-5.54,-1.61,2459,2513,74.5,76.2,66.9,111.0,0.382,0.412,0.56,53.1,46.7,14.3,2026,-2.4
Detroit Mercy,32,17,15,0.531,-5.62,-3.19,2471,2475,77.2,77.3,70.0,110.2,0.343,0.308,0.543,52.1,48.0,13.7,2026,-3.5
Eastern Michigan,31,10,21,0.323,-5.71,-1.51,2191,2279,70.7,73.5,68.4,102.4,0.295,0.319,0.53,50.0,48.5,15.2,2026,0.3
East Carolina,31,11,20,0.355,-5.73,0.43,2217,2401,71.5,77.5,69.3,102.0,0.393,0.313,0.507,50.4,47.3,14.8,2026,-3.7
Lamar,31,12,19,0.387,-5.73,-3.66,2167,2143,69.9,69.1,66.3,105.0,0.278,0.345,0.516,52.9,56.3,15.0,2026,4.7
Denver,32,15,17,0.469,-5.76,-2.04,2650,2650,82.8,82.8,69.5,119.2,0.344,0.386,0.59,49.8,40.0,12.3,2026,-9.0
Pepperdine,32,9,23,0.281,-5.86,3.44,2312,2546,72.2,79.6,69.5,103.2,0.331,0.385,0.529,48.6,56.0,15.8,2026,-5.8
Tennessee-Martin,33,22,11,0.667,-5.92,-9.06,2303,2085,69.8,63.2,66.9,103.8,0.364,0.465,0.524,54.4,56.9,17.8,2026,10.6
Colgate,33,18,15,0.545,-5.99,-5.38,2522,2462,76.4,74.6,66.9,111.7,0.292,0.35,0.572,50.0,51.9,13.2,2026,-0.8
Loyola (IL),33,9,24,0.273,-6.13,2.84,2204,2500,66.8,75.8,65.9,101.0,0.348,0.477,0.528,50.4,60.8,17.1,2026,-2.0
UNC Asheville,32,15,17,0.469,-6.17,-3.89,2349,2334,73.4,72.9,67.8,107.5,0.394,0.352,0.55,50.9,42.8,15.3,2026,0.9
Florida Gulf Coast,34,16,18,0.471,-6.41,-5.03,2631,2598,77.4,76.4,69.3,110.5,0.287,0.393,0.546,52.0,52.0,13.4,2026,-2.6
Western Carolina,31,15,16,0.484,-6.41,-3.72,2432,2397,78.5,77.3,69.1,112.6,0.298,0.411,0.543,54.6,45.5,13.7,2026,-3.5
Georgia Southern,37,21,16,0.568,-6.48,-6.02,2994,2949,80.9,79.7,71.3,112.3,0.39,0.488,0.561,46.8,42.0,12.6,2026,-5.9
UTEP,31,11,20,0.355,-6.66,-0.41,2149,2244,69.3,72.4,66.8,102.6,0.351,0.386,0.527,47.3,48.8,15.1,2026,1.4
Charleston Southern,32,15,17,0.469,-6.7,-6.66,2670,2563,83.4,80.1,74.1,110.1,0.302,0.515,0.567,51.6,56.9,15.9,2026,-6.3
Nicholls State,33,14,19,0.424,-6.77,-2.05,2388,2471,72.4,74.9,68.7,105.3,0.343,0.442,0.537,46.5,52.2,15.0,2026,-1.1
Vermont,34,22,12,0.647,-6.82,-10.2,2496,2330,73.4,68.5,64.7,112.2,0.316,0.449,0.567,52.7,48.8,12.7,2026,5.3
Southeast Missouri State,33,20,13,0.606,-6.85,-7.82,2460,2331,74.5,70.6,70.5,105.3,0.383,0.363,0.54,50.9,47.4,14.6,2026,3.2
American,32,16,16,0.5,-6.91,-6.21,2387,2283,74.6,71.3,67.5,110.6,0.293,0.461,0.558,48.7,50.8,13.7,2026,2.5
Princeton,29,9,20,0.31,-6.92,-1.95,1989,2087,68.6,72.0,64.7,105.1,0.341,0.446,0.541,49.8,55.3,14.8,2026,1.8
Incarnate Word,31,12,19,0.387,-7.09,-2.51,2302,2285,74.3,73.7,66.3,112.0,0.33,0.392,0.552,51.3,45.0,14.2,2026,0.1
Radford,32,16,16,0.5,-7.12,-6.19,2604,2523,81.4,78.8,72.3,110.9,0.401,0.455,0.561,49.3,47.7,14.7,2026,-5.0
Abilene Christian,33,14,19,0.424,-7.18,-1.25,2321,2389,70.3,72.4,69.3,101.1,0.403,0.328,0.529,50.4,54.7,17.7,2026,1.4
Old Dominion,33,12,21,0.364,-7.19,-4.19,2514,2570,76.2,77.9,70.4,107.4,0.347,0.362,0.545,48.4,49.2,13.5,2026,-4.1
Omaha,33,16,17,0.485,-7.25,-3.49,2507,2522,76.0,76.4,68.7,110.2,0.331,0.416,0.569,50.3,48.9,14.2,2026,-2.6
Texas State,32,19,13,0.594,-7.26,-6.69,2365,2271,73.9,71.0,67.8,107.7,0.346,0.248,0.55,53.6,48.4,15.9,2026,2.8
Iona,32,18,14,0.563,-7.27,-7.99,2363,2340,73.8,73.1,68.4,105.8,0.293,0.459,0.546,48.8,53.7,15.1,2026,0.7
Purdue Fort Wayne,32,17,15,0.531,-7.27,-2.72,2499,2467,78.1,77.1,70.2,111.2,0.299,0.444,0.57,45.2,49.2,12.7,2026,-3.3
Wofford,32,19,13,0.594,-7.38,-7.18,2520,2468,78.8,77.1,68.1,115.2,0.363,0.439,0.562,50.5,51.8,11.8,2026,-3.3
Saint Peter's,29,17,12,0.586,-7.45,-7.59,2054,1984,70.8,68.4,65.9,106.6,0.35,0.392,0.517,50.8,53.7,14.5,2026,5.4
Milwaukee,32,12,20,0.375,-7.52,-2.26,2440,2548,76.2,79.6,69.5,109.7,0.322,0.375,0.534,51.3,48.4,12.7,2026,-5.8
Coastal Carolina,32,19,13,0.594,-7.52,-5.78,2346,2323,73.3,72.6,68.9,104.0,0.318,0.433,0.523,51.1,41.5,13.3,2026,1.2
UC Riverside,32,10,22,0.313,-7.76,-0.3,2334,2492,72.9,77.9,70.7,103.1,0.345,0.388,0.536,49.4,50.2,16.1,2026,-4.1
Sacramento State,31,10,21,0.323,-7.79,-0.08,2408,2542,77.7,82.0,72.9,106.1,0.407,0.368,0.536,46.3,50.8,12.6,2026,-8.2
Fairfield,34,21,13,0.618,-8.06,-9.06,2528,2432,74.4,71.5,67.6,109.6,0.277,0.359,0.521,52.7,45.0,12.5,2026,2.3
Boston University,34,17,17,0.5,-8.08,-8.23,2566,2514,75.5,73.9,63.7,115.4,0.315,0.44,0.606,51.5,53.3,15.7,2026,-0.1
Longwood,32,16,16,0.5,-8.22,-7.88,2486,2370,77.7,74.1,70.2,108.1,0.408,0.335,0.556,53.9,47.0,16.6,2026,-0.3
Dartmouth,27,11,16,0.407,-8.24,-2.92,2047,2071,75.8,76.7,69.7,108.2,0.37,0.491,0.567,49.7,55.5,15.4,2026,-2.9
Presbyterian,33,15,18,0.455,-8.31,-5.21,2388,2382,72.4,72.2,66.7,107.2,0.399,0.291,0.554,52.9,50.3,16.6,2026,1.6
Western Michigan,31,10,21,0.323,-8.32,-2.15,2318,2464,74.8,79.5,69.7,106.9,0.335,0.351,0.54,51.2,48.1,14.9,2026,-5.7
SIU Edwardsville,32,19,13,0.594,-8.46,-10.25,2271,2070,71.0,64.7,66.5,105.9,0.307,0.363,0.534,51.2,51.1,15.0,2026,9.1
Central Michigan,31,10,21,0.323,-8.48,-2.48,2275,2384,73.4,76.9,69.3,105.9,0.319,0.339,0.551,48.1,56.0,16.0,2026,-3.1
South Dakota,32,16,16,0.5,-8.6,-4.88,2547,2566,79.6,80.2,71.3,110.0,0.448,0.356,0.557,50.0,46.3,14.2,2026,-6.4
Delaware,31,10,21,0.323,-8.65,-2.45,2098,2293,67.7,74.0,64.2,103.3,0.306,0.46,0.566,46.9,52.2,16.8,2026,-0.2
Hampton,32,13,19,0.406,-8.65,-4.55,2237,2264,69.9,70.8,66.5,104.3,0.373,0.376,0.512,51.0,50.3,14.1,2026,3.0
Evansville,32,7,25,0.219,-8.81,3.69,2143,2447,67.0,76.5,67.5,98.5,0.297,0.433,0.532,46.7,55.6,17.0,2026,-2.7
Northeastern,31,7,24,0.226,-8.88,-2.82,2322,2510,74.9,81.0,69.6,107.1,0.294,0.378,0.549,47.5,55.7,14.4,2026,-7.2
North Dakota,35,18,17,0.514,-8.93,-3.52,2680,2705,76.6,77.3,69.6,109.2,0.365,0.403,0.539,47.8,43.0,12.1,2026,-3.5
Bellarmine,32,13,19,0.406,-9.0,-4.64,2561,2614,80.0,81.7,66.4,119.6,0.346,0.406,0.632,46.5,53.4,13.9,2026,-7.9
Lindenwood,33,18,15,0.545,-9.11,-8.44,2566,2398,77.8,72.7,73.7,105.5,0.371,0.307,0.533,51.6,51.6,15.6,2026,1.1
Southern Utah,32,10,22,0.313,-9.19,-0.22,2442,2544,76.3,79.5,72.0,105.6,0.334,0.365,0.556,49.9,51.4,17.1,2026,-5.7
Northwestern State,32,10,22,0.313,-9.31,-2.47,2185,2317,68.3,72.4,65.7,103.5,0.403,0.338,0.54,47.8,51.4,15.6,2026,1.4
Southeastern Louisiana,31,9,22,0.29,-9.31,-2.84,2016,2184,65.0,70.5,65.8,98.4,0.396,0.397,0.51,48.1,52.4,16.3,2026,3.3
Lehigh,34,18,16,0.529,-9.32,-7.04,2490,2515,73.2,74.0,67.1,105.7,0.323,0.389,0.565,47.1,55.0,15.8,2026,-0.2
Bethune-Cookman,32,17,15,0.531,-9.38,-6.45,2412,2462,75.4,76.9,71.2,104.7,0.411,0.298,0.55,50.1,51.1,16.8,2026,-3.1
North Carolina A&T,30,11,19,0.367,-9.56,-4.96,2252,2335,75.1,77.8,69.6,107.4,0.451,0.325,0.555,52.8,46.5,15.9,2026,-4.0
Ball State,31,12,19,0.387,-9.58,-4.27,2093,2154,67.5,69.5,65.8,101.7,0.321,0.39,0.515,47.5,53.0,14.0,2026,4.3
Houston Christian,32,12,20,0.375,-9.76,-3.63,2147,2309,67.1,72.2,65.2,102.5,0.364,0.365,0.532,48.8,58.8,16.5,2026,1.6
Mercyhurst,34,17,17,0.5,-9.86,-9.46,2358,2291,69.4,67.4,65.0,105.2,0.249,0.315,0.531,48.6,55.5,12.7,2026,6.4
Brown,27,9,18,0.333,-9.9,-4.66,1900,1892,70.4,70.1,67.3,102.7,0.277,0.37,0.528,50.5,59.5,16.2,2026,3.7
Oral Roberts,33,10,23,0.303,-10.11,-2.21,2420,2558,73.3,77.5,69.8,104.3,0.366,0.461,0.544,49.6,48.3,16.5,2026,-3.7
Eastern Kentucky,32,11,21,0.344,-10.18,-4.58,2568,2619,80.2,81.8,69.8,113.3,0.312,0.507,0.557,50.3,53.4,14.0,2026,-8.0
South Carolina Upstate,32,13,19,0.406,-10.24,-5.55,2376,2357,74.2,73.7,70.0,104.5,0.327,0.363,0.53,49.8,48.1,15.1,2026,0.1
Mount St. Mary's,32,15,17,0.469,-10.35,-7.22,2178,2244,68.1,70.1,67.7,100.2,0.325,0.431,0.534,52.6,56.4,19.3,2026,3.7
Jacksonville,32,12,20,0.375,-10.72,-5.05,2339,2349,73.1,73.4,66.0,109.8,0.336,0.379,0.549,52.4,46.2,14.4,2026,0.4
Northern Arizona,32,10,22,0.313,-10.73,-1.22,2282,2445,71.3,76.4,66.6,107.1,0.33,0.368,0.558,45.8,51.8,14.1,2026,-2.6
Chattanooga,32,13,19,0.406,-10.89,-6.96,2454,2408,76.7,75.2,68.1,112.7,0.278,0.506,0.581,48.2,56.8,12.7,2026,-1.4
Le Moyne,32,15,17,0.469,-10.89,-9.31,2336,2341,73.0,73.2,69.4,105.1,0.385,0.405,0.564,49.8,56.5,16.9,2026,0.6
West Georgia,32,15,17,0.469,-10.95,-5.78,2450,2547,76.6,79.6,70.5,107.4,0.291,0.333,0.531,50.7,45.1,13.5,2026,-5.8
Southern,34,17,17,0.5,-10.98,-6.95,2707,2650,79.6,77.9,72.5,108.7,0.395,0.325,0.546,50.2,54.0,14.1,2026,-4.1
East Texas A&M,32,11,21,0.344,-11.01,-2.05,2246,2385,70.2,74.5,69.3,101.2,0.311,0.464,0.534,47.2,64.9,16.5,2026,-0.7
Morehead State,33,20,13,0.606,-11.13,-7.56,2484,2466,75.3,74.7,67.4,110.8,0.373,0.306,0.552,51.6,50.2,14.7,2026,-0.9
Sacred Heart,33,14,19,0.424,-11.27,-8.05,2482,2528,75.2,76.6,68.4,109.6,0.302,0.507,0.562,49.7,58.6,15.3,2026,-2.8
UNC Greensboro,34,15,19,0.441,-11.31,-6.02,2673,2736,78.6,80.5,69.0,112.6,0.408,0.396,0.565,50.4,48.0,12.8,2026,-6.7
Central Connecticut State,30,18,12,0.6,-11.33,-9.94,2215,2127,73.8,70.9,66.0,111.4,0.298,0.349,0.569,51.0,51.6,14.0,2026,2.9
Georgia State,32,10,22,0.313,-11.59,-4.59,2253,2391,70.4,74.7,69.3,101.3,0.367,0.432,0.508,47.5,51.2,13.6,2026,-0.9
Wagner,31,14,17,0.452,-11.79,-8.69,2210,2222,71.3,71.7,66.2,105.5,0.311,0.364,0.535,52.8,49.5,16.1,2026,2.1
Louisiana,33,11,22,0.333,-12.03,-5.03,2101,2332,63.7,70.7,64.1,99.3,0.287,0.405,0.504,46.7,45.9,14.5,2026,3.1
Grambling,33,14,19,0.424,-12.21,-9.99,2321,2314,70.3,70.1,69.9,100.7,0.41,0.38,0.536,49.8,50.8,18.2,2026,3.7
IU Indy,32,7,25,0.219,-12.45,-4.15,2673,2825,83.5,88.3,76.1,109.3,0.211,0.429,0.551,45.9,64.0,13.7,2026,-14.5
Cal State Bakersfield,32,8,24,0.25,-12.69,-1.26,2339,2629,73.1,82.2,73.0,100.2,0.425,0.288,0.515,47.6,44.7,16.0,2026,-8.4
Stetson,33,12,21,0.364,-12.7,-4.7,2431,2631,73.7,79.7,68.5,107.2,0.327,0.451,0.562,48.5,59.3,16.1,2026,-5.9
Prairie View A&M,35,18,17,0.514,-12.74,-9.93,2761,2662,78.9,76.1,73.8,106.4,0.43,0.307,0.545,47.4,44.8,14.1,2026,-2.3
Lafayette,32,11,21,0.344,-12.84,-6.58,2222,2381,69.4,74.4,67.2,102.9,0.325,0.4,0.523,48.0,55.4,13.5,2026,-0.6
Little Rock,32,12,20,0.375,-12.97,-7.71,2257,2372,70.5,74.1,68.5,103.0,0.283,0.309,0.526,48.1,53.1,16.0,2026,-0.3
Alabama A&M,33,18,15,0.545,-12.99,-10.49,2378,2393,72.1,72.5,67.8,105.9,0.449,0.343,0.545,49.9,49.4,14.7,2026,1.3
Cleveland State,33,11,22,0.333,-13.07,-3.04,2633,2836,79.8,85.9,71.5,111.6,0.366,0.496,0.583,47.4,58.4,15.8,2026,-12.1
Tennessee Tech,31,13,18,0.419,-13.25,-7.89,2272,2308,73.3,74.5,69.6,105.4,0.359,0.377,0.546,51.7,47.8,16.5,2026,-0.7
Loyola (MD),32,12,20,0.375,-13.33,-8.49,2407,2466,75.2,77.1,68.5,108.1,0.303,0.47,0.541,49.9,50.1,13.6,2026,-3.3
Eastern Illinois,33,13,20,0.394,-13.46,-5.83,2214,2321,67.1,70.3,66.6,99.6,0.332,0.301,0.517,48.1,51.1,16.1,2026,3.5
Norfolk State,32,15,17,0.469,-13.57,-10.53,2445,2362,76.4,73.8,70.1,108.9,0.424,0.302,0.551,51.4,44.6,15.1,2026,0.0
New Haven,31,14,17,0.452,-13.65,-7.69,2013,2055,64.9,66.3,64.2,101.1,0.307,0.403,0.532,48.7,51.5,15.4,2026,7.5
Air Force,32,3,29,0.094,-13.66,4.68,1969,2556,61.5,79.9,67.4,91.3,0.351,0.418,0.516,44.8,55.9,19.8,2026,-6.1
Holy Cross,33,11,22,0.333,-13.67,-6.8,2251,2418,68.2,73.3,66.1,103.3,0.319,0.374,0.535,47.7,45.0,13.7,2026,0.5
Albany (NY),32,11,21,0.344,-13.92,-8.09,2303,2332,72.0,72.9,66.6,108.1,0.242,0.372,0.548,51.5,50.4,15.6,2026,0.9
Florida A&M,31,15,16,0.484,-14.02,-8.95,2183,2312,70.4,74.6,70.3,99.7,0.374,0.376,0.532,49.9,52.4,18.6,2026,-0.8
Texas Southern,30,12,18,0.4,-14.05,-7.98,2251,2339,75.0,78.0,71.2,103.7,0.388,0.321,0.542,50.0,42.8,16.5,2026,-4.2
Massachusetts-Lowell,33,15,18,0.455,-14.12,-8.42,2471,2518,74.9,76.3,69.4,107.9,0.363,0.309,0.539,53.2,45.7,14.9,2026,-2.5
Alabama State,32,10,22,0.313,-14.21,-8.14,2341,2473,73.2,77.3,71.9,101.7,0.35,0.382,0.514,50.0,48.6,15.5,2026,-3.5
UTSA,30,5,25,0.167,-14.21,1.44,2084,2422,69.5,80.7,70.2,99.0,0.29,0.406,0.491,46.6,43.9,14.5,2026,-6.9
Bucknell,33,10,23,0.303,-14.38,-5.44,2223,2518,67.4,76.3,66.9,99.5,0.298,0.427,0.525,47.3,54.0,16.7,2026,-2.5
Stonehill,33,12,21,0.364,-14.6,-9.28,2191,2263,66.4,68.6,67.1,97.5,0.285,0.406,0.509,51.6,52.3,16.6,2026,5.2
Northern Illinois,30,9,21,0.3,-14.77,-2.24,2086,2334,69.5,77.8,69.7,99.7,0.381,0.45,0.519,50.6,52.8,18.2,2026,-4.0
Arkansas-Pine Bluff,32,13,19,0.406,-14.79,-6.92,2472,2593,77.2,81.0,72.4,106.4,0.363,0.372,0.556,48.2,58.1,16.2,2026,-7.2
FDU,32,11,21,0.344,-14.99,-7.43,2150,2245,67.2,70.2,64.5,103.8,0.321,0.455,0.517,52.5,51.9,15.4,2026,3.6
Manhattan,32,12,20,0.375,-15.1,-7.9,2369,2526,74.0,78.9,68.3,107.1,0.343,0.373,0.535,46.4,50.7,13.4,2026,-5.1
Army,32,11,21,0.344,-15.28,-7.14,2309,2471,72.2,77.2,67.6,104.8,0.256,0.534,0.526,50.4,59.7,14.8,2026,-3.4
North Florida,32,7,25,0.219,-15.41,-2.98,2547,2821,79.6,88.2,72.5,109.4,0.288,0.511,0.57,45.2,50.6,15.2,2026,-14.4
North Alabama,30,9,21,0.3,-15.65,-5.51,2082,2328,69.4,77.6,65.9,104.4,0.378,0.338,0.523,49.5,41.1,14.7,2026,-3.8
NJIT,33,16,17,0.485,-15.76,-8.26,2212,2417,67.0,73.2,68.3,98.1,0.331,0.407,0.505,47.6,46.2,14.8,2026,0.6
Southern Indiana,30,7,23,0.233,-16.23,-8.98,2061,2210,68.7,73.7,68.8,99.1,0.365,0.405,0.485,48.4,44.3,14.4,2026,0.1
Niagara,30,8,22,0.267,-16.27,-7.85,1916,2137,63.9,71.2,63.1,100.8,0.261,0.402,0.536,46.5,59.9,16.7,2026,2.6
Chicago State,32,7,25,0.219,-16.28,-4.93,2105,2434,65.8,76.1,65.9,99.4,0.302,0.313,0.496,46.2,49.9,13.6,2026,-2.3
The Citadel,33,11,22,0.333,-16.51,-5.91,2322,2558,70.4,77.5,65.1,106.1,0.288,0.497,0.529,47.9,51.7,13.5,2026,-3.7
Maine,32,8,24,0.25,-16.91,-9.59,2001,2190,62.5,68.4,65.4,95.6,0.376,0.374,0.531,43.2,55.2,17.4,2026,5.4
Canisius,31,10,21,0.323,-16.98,-7.85,1951,2184,62.9,70.5,64.5,97.1,0.311,0.397,0.504,49.5,55.0,16.9,2026,3.3
New Hampshire,30,9,21,0.3,-16.98,-7.26,2076,2238,69.2,74.6,67.7,99.7,0.287,0.434,0.503,48.9,45.1,14.0,2026,-0.8
Maryland-Eastern Shore,32,9,23,0.281,-17.48,-8.35,2060,2265,64.4,70.8,64.9,97.3,0.29,0.333,0.526,50.3,56.3,20.5,2026,3.0
North Carolina Central,32,14,18,0.438,-18.15,-8.5,2299,2415,71.8,75.5,68.2,104.9,0.388,0.337,0.537,46.1,54.8,15.4,2026,-1.7
Bryant,31,9,22,0.29,-18.19,-7.92,2010,2246,64.8,72.5,65.0,98.6,0.302,0.478,0.517,48.7,54.5,17.3,2026,1.3
Louisiana-Monroe,32,4,28,0.125,-18.52,-4.86,2318,2685,72.4,83.9,71.1,101.1,0.394,0.415,0.525,44.8,50.8,15.0,2026,-10.1
Saint Francis (PA),31,7,24,0.226,-18.86,-5.83,2216,2510,71.5,81.0,70.3,101.2,0.305,0.381,0.525,47.3,52.5,16.0,2026,-7.2
Rider,29,4,25,0.138,-19.14,-5.0,1840,2204,63.4,76.0,65.9,96.3,0.308,0.275,0.471,48.8,44.4,14.3,2026,-2.2
Morgan State,30,14,16,0.467,-19.26,-10.93,2258,2347,75.3,78.2,71.3,105.1,0.418,0.357,0.532,48.7,52.7,15.1,2026,-4.4
Jackson State,33,12,21,0.364,-19.48,-5.96,2318,2764,70.2,83.8,71.0,98.1,0.374,0.433,0.508,45.8,45.8,16.8,2026,-10.0
Kansas City,31,4,27,0.129,-19.67,-1.92,2149,2600,69.3,83.9,71.9,96.1,0.31,0.369,0.499,45.5,47.5,15.9,2026,-10.1
Alcorn State,32,9,23,0.281,-19.82,-6.54,2141,2566,66.9,80.2,69.4,96.0,0.318,0.337,0.512,44.9,46.6,17.2,2026,-6.4
Binghamton,31,8,23,0.258,-20.67,-10.78,2105,2321,67.9,74.9,65.1,102.3,0.417,0.318,0.556,48.1,49.8,16.8,2026,-1.1
VMI,32,6,26,0.188,-20.72,-6.03,2303,2560,72.0,80.0,68.6,104.9,0.292,0.54,0.523,45.1,51.9,12.7,2026,-6.2
South Carolina State,32,10,22,0.313,-21.79,-8.63,2147,2522,67.1,78.8,70.2,95.6,0.41,0.329,0.506,47.0,52.9,18.2,2026,-5.0
Gardner-Webb,33,4,29,0.121,-22.36,-1.86,2248,2820,68.1,85.5,71.0,96.0,0.307,0.387,0.517,43.8,41.3,17.1,2026,-11.7
Delaware State,31,8,23,0.258,-22.55,-10.81,1896,2185,61.2,70.5,66.5,91.2,0.321,0.285,0.478,47.6,47.9,17.1,2026,3.3
Western Illinois,31,5,26,0.161,-23.44,-8.16,2011,2381,64.9,76.8,67.2,96.2,0.367,0.333,0.492,46.7,37.2,15.1,2026,-3.0
Coppin State,31,7,24,0.226,-24.84,-8.11,2032,2493,65.5,80.4,69.4,94.0,0.378,0.352,0.5,47.7,51.4,19.0,2026,-6.6
Mississippi Valley State,33,3,30,0.091,-28.36,-7.89,2120,2739,64.2,83.0,70.0,91.1,0.337,0.308,0.498,45.3,53.4,19.2,2026,-9.2
